<?xml version="1.0"?>
<!-- Copyright (c) 2016-Present Webkul Software Pvt. Ltd. (<https://webkul.com/>) -->
<!-- See LICENSE file for full copyright and licensing details. -->
<!-- License URL : <https://store.webkul.com/license.html/> -->

<odoo>
    <data>
        <record id="client_creation_cron" model="ir.cron">
            <field name="name">Saas Client Creation Cron</field>
            <field name="model_id" ref="model_saas_contract" />
            <field name="state">code</field>
            <field name="code">model.client_creation_cron_action()</field>
            <field name="interval_number">1</field>
            <field name="interval_type">hours</field>
            <field name="numbercall">-1</field>
        </record>

        <record id="renew_mail_cron" model="ir.cron">
            <field name="name">Renew Mail cron</field>
            <field name="model_id" ref="model_saas_contract" />
            <field name="state">code</field>
            <field name="code">model.renew_mail_cron_action()</field>
            <field name="interval_number">1</field>
            <field name="interval_type">days</field>
            <field name="numbercall">-1</field>
        </record>
    </data>
</odoo>
