<?xml version="1.0" encoding="utf-8"?>
<!-- Copyright (c) 2016-Present Webkul Software Pvt. Ltd. (<https://webkul.com/>) -->
<!-- See LICENSE file for full copyright and licensing details. -->
<!-- License URL : <https://store.webkul.com/license.html/> -->

<odoo>
    <data noupdate='1'>
        <record id="client_sequence" model="ir.sequence">
            <field name="name">Client Name</field>
            <field name="code">saas.client</field>
            <field name="prefix">CLIENT</field>
            <field name="padding">3</field>
        </record>
    </data>
</odoo>