<?xml version="1.0" encoding="utf-8"?>
<!-- Copyright (c) 2016-Present Webkul Software Pvt. Ltd. (<https://webkul.com/>) -->
<!-- See LICENSE file for full copyright and licensing details. -->
<!-- License URL : <https://store.webkul.com/license.html/> -->

<odoo>
    <data noupdate="1">
        <record id="contract_sequence" model="ir.sequence">
            <field name="name">Contract Name</field>
            <field name="code">saas.contract</field>
            <field name="prefix">CONTRACT</field>
            <field name="padding">3</field>
        </record>
    </data>
</odoo>