<?xml version="1.0" encoding="utf-8"?>
<!-- Copyright (c) 2016-Present Webkul Software Pvt. Ltd. (<https://webkul.com/>) -->
<!-- See LICENSE file for full copyright and licensing details. -->
<!-- License URL : <https://store.webkul.com/license.html/> -->

<odoo>
    <data noupdate="1">
        <record id="odoo_saas_kit.client_credentials_template" model="mail.template">
            <field name="name">Client SaaS Credentials</field>
            <field name="email_from">{{(user.email or '')}}</field>
            <field name="subject">Your SaaS Credentials</field>
            <field name="partner_to">{{object.partner_id.id}}</field>
            <field name="model_id" ref="odoo_saas_kit.model_saas_client"/>
            <field name="auto_delete" eval="True"/>
            <field name="lang">{{object.partner_id.lang}}</field>
            <field name="body_html"><![CDATA[
                Dear <t t-esc="object.partner_id.name" /><br/>

                <p>Greetings of the Day.</p>
                <p>Your Instance has been successfully created.</p>

                <p>Kindly visit the following link to login to your Odoo Server. >> <t><a t-att-href="object.client_url"><t t-esc="object.client_url"/></a></t></p>

                <p>Please reset password using the following URL.<br/>
                <t> <a t-att-href="object.invitation_url"><t t-esc="object.invitation_url"/></a></t>

                <p>You can always check the details of your previous and current plans from your Website account. 
                To manage your plans please go to the website account.
                </p>

                <p>Thank you</p>
                <p style="color:#888888;">
                </p>

                ]]>
            </field>
        </record>

        <record id="odoo_saas_kit.client_subdomain_template" model="mail.template">
            <field name="name">SaaS Contract Subdomain Template</field>
            <field name="email_from">{{(user.email or '')}}</field>
            <field name="subject">{{object.company_id.name}} Contract (Ref {{object.name or 'n/a' }})</field>
            <field name="partner_to">{{object.partner_id.id}}</field>
            <field name="model_id" ref="odoo_saas_kit.model_saas_contract"/>
            <field name="auto_delete" eval="True"/>
            <field name="lang">{{object.partner_id.lang}}</field>
            <field name="body_html"><![CDATA[
                <p>Dear <t t-esc="object.partner_id.name" />
                    <t t-set="access_url" t-value="object.get_subdomain_url()" />
                    <t t-set="access_name" t-value="'Create Your Domain Name'" />

                    <t t-if="object.partner_id.parent_id">
                        (<i><t t-esc="object.partner_id.parent_id.name"/></i>)
                    </t>
                ,</p>
                
                <p>We are glad to inform you that your order for the <t t-esc="object.invoice_product_id.name" /> is confirmed.</p>
                
                <p>The plan you have opted for is <t t-esc="object.plan_id.name" /> of the Pan.</p>
                <p>
                    It is a subscription based plan which means that the plan would remain active from the date of activation. <br/>
                    Post the expiration of the plan the Instance will expire.<br/>
                    To avoid this, please renew your plan before the expiration date.
                </p>
                <p>
                    Commencement Date: <t t-esc="object.start_date" /><br/>
                    Next Invoice Date: <t t-esc="object.next_invoice_date" /><br/>
                    Total Number Of Billing Cycles: <t t-esc="object.total_cycles" /><br/>
                    Trial period included: <t t-esc="object.trial_period" /> days<br/> 
                </p>
                <p>
                    If you have any queries or issues, please contact our support team.
                </p>

                <br/><br/>
                <center>
                    <t> <a t-att-href="access_url" style="background-color: #1abc9c; padding: 20px; text-decoration: none; color: #fff; border-radius: 5px; font-size: 16px;" class="o_default_snippet_text"><t t-esc="access_name" /></a></t>
                    <br/><br/><br/>
                </center>
                <br/>
                <p>
                    Once the Domain is successfully created, you will receive the URL of your Odoo Instance along with the login Id and password via mail.
                </p>
                <p>If you have any query or issues please contact our Support Team.</p>

                <p>Thank you,</p>

                <p style="color:#888888;">
                </p>
                ]]></field>
        </record>
    </data>
</odoo>